cluster,size,n_sources,mixing_entropy,share_reddit,share_wayback,share_loc,share_synthetic,soul_words
17,47,2,0.6413,0.66,0.34,0.0,0.0,"https, archive, lost, pilot, org, com, media, youtube, archive org, page"
6,35,2,0.219,0.943,0.057,0.0,0.0,"love, dad, miss, life, years, ago, died, happy, passed, got"
13,22,2,0.1849,0.0,0.955,0.045,0.0,"windmill, chitty, windmills, bang, bang bang, chitty chitty, chitty bang, berry, mark berry, page"
16,25,2,0.1679,0.04,0.0,0.0,0.96,"laughter, room, soft, small, worn, scent, light, faded, air, curtains"
0,7,1,-0.0,1.0,0.0,0.0,0.0,"brother, told, suicide, dead, brain, just, going, feeling, like, lost"
11,19,1,-0.0,0.0,0.0,1.0,0.0,"photograph, military, cm, plate, union, unidentified, war, civil war, print, portrait"
18,22,1,-0.0,0.0,1.0,0.0,0.0,"yosemite, geocities yosemite, recreation, geocities, networds, help, best, visit, trails, info"
15,43,1,-0.0,0.0,1.0,0.0,0.0,"username, comment, region, browse options, map browse, options, browse, post comment, post, site"
14,37,1,-0.0,0.0,1.0,0.0,0.0,"randall, dennis randall, dennis, resume, creativity, community, site, content, webweaver, workshop"
12,44,1,-0.0,0.0,1.0,0.0,0.0,"motorcity, geocities, rodeodrive, community, info, free, networds, pit, center, help"
10,55,1,-0.0,0.0,0.0,1.0,0.0,"glass, unidentified negative, smaller glass, glass smaller, smaller, negatives, negative, glass negatives, negative glass, unidentified"
1,71,1,-0.0,0.0,0.0,1.0,0.0,"glass, group negative, unidentified group, glass portrait, group, photographs glass, portrait photographs, portrait, photographs, negative glass"
9,60,1,-0.0,0.0,0.0,1.0,0.0,"glass, negatives portrait, glass glass, man negative, unidentified man, portrait photographs, portrait, photographs, man, glass negatives"
8,15,1,-0.0,0.0,0.0,1.0,0.0,"loc, print, white, red, mu023015, migration performing, migration, eadmus mu023015, aid available, refer finding"
7,24,1,-0.0,0.0,1.0,0.0,0.0,"athens, geocities athens, geocities, arts, home, neighborhoods, help, community, academy, athens academy"
5,44,1,-0.0,0.0,0.0,1.0,0.0,"theater, united states, united, states, designs, designs united, costume designs, theater costume, unidentified production, costume"
4,33,1,-0.0,0.0,1.0,0.0,0.0,"petsburgh, geocities, geocities petsburgh, community, cl, leaders, help, community leaders, pets, petsburgh community"
3,17,1,-0.0,0.0,1.0,0.0,0.0,"2003, не, что, на, dmitry, subject, это, die, comment, мне"
2,13,1,-0.0,0.0,1.0,0.0,0.0,"siliconvalley, geocities siliconvalley, computers, geocities, networds, net, home, help, neighborhoods, peaks"
19,40,1,-0.0,1.0,0.0,0.0,0.0,"mom, just, feel, died, life, like, know, didn, dad, heart"
