fragment_id,rank,cluster,size,mixing_entropy,n_sources,share_reddit,share_wayback,share_loc,share_synthetic,soul_words,centroid_top10
frag_01,1,17,47,0.6413,2,0.66,0.34,0.0,0.0,"https, archive, lost, pilot, org, com, media, youtube, archive org, page","-0.0519, -0.0055, -0.0042, -0.0095, +0.0493, +0.0239, -0.0057, -0.0018, +0.0010, -0.0114"
frag_02,2,6,35,0.219,2,0.943,0.057,0.0,0.0,"love, dad, miss, life, years, ago, died, happy, passed, got","-0.0099, +0.0156, +0.0574, +0.0263, +0.0441, +0.0093, -0.0067, +0.0137, +0.0590, -0.0599"
frag_03,3,13,22,0.1849,2,0.0,0.955,0.045,0.0,"windmill, chitty, windmills, bang, bang bang, chitty chitty, chitty bang, berry, mark berry, page","-0.0070, +0.0043, +0.0090, +0.0151, +0.0241, -0.0047, +0.0240, -0.0341, -0.0395, -0.0092"
frag_04,4,16,25,0.1679,2,0.04,0.0,0.0,0.96,"laughter, room, soft, small, worn, scent, light, faded, air, curtains","+0.0119, -0.0006, +0.0898, +0.0699, +0.0999, +0.0144, +0.0470, -0.0434, +0.0805, -0.0597"
frag_05,5,9,60,-0.0,1,0.0,0.0,1.0,0.0,"glass, negatives portrait, glass glass, man negative, unidentified man, portrait photographs, portrait, photographs, man, glass negatives","-0.0226, +0.1268, -0.0126, +0.0165, -0.0188, -0.0788, +0.1329, +0.0056, -0.0443, -0.0088"
frag_06,6,2,13,-0.0,1,0.0,1.0,0.0,0.0,"siliconvalley, geocities siliconvalley, computers, geocities, networds, net, home, help, neighborhoods, peaks","-0.0073, -0.1027, +0.0126, -0.0026, -0.0522, -0.0706, -0.0017, -0.0188, -0.0490, -0.0864"
frag_07,7,3,17,-0.0,1,0.0,1.0,0.0,0.0,"2003, не, что, на, dmitry, subject, это, die, comment, мне","-0.0176, -0.0194, -0.0017, -0.0113, -0.0318, +0.0306, +0.0294, +0.0452, -0.0036, +0.0115"
frag_08,8,4,33,-0.0,1,0.0,1.0,0.0,0.0,"petsburgh, geocities, geocities petsburgh, community, cl, leaders, help, community leaders, pets, petsburgh community","+0.0047, -0.0420, +0.0139, +0.0074, -0.0055, -0.0153, -0.0646, -0.0623, -0.0482, -0.0412"
frag_09,9,5,44,-0.0,1,0.0,0.0,1.0,0.0,"theater, united states, united, states, designs, designs united, costume designs, theater costume, unidentified production, costume","-0.0112, +0.0372, -0.0280, -0.0338, -0.0589, +0.0531, +0.0215, -0.0676, -0.0419, +0.0017"
frag_10,10,7,24,-0.0,1,0.0,1.0,0.0,0.0,"athens, geocities athens, geocities, arts, home, neighborhoods, help, community, academy, athens academy","-0.0246, +0.0201, +0.0349, -0.0072, -0.0061, -0.0914, +0.0665, -0.0630, -0.0264, +0.0068"
frag_11,11,8,15,-0.0,1,0.0,0.0,1.0,0.0,"loc, print, white, red, mu023015, migration performing, migration, eadmus mu023015, aid available, refer finding","-0.0706, +0.0752, -0.0290, -0.0317, -0.0073, +0.0126, +0.0651, -0.0498, -0.0563, -0.0099"
frag_12,12,10,55,-0.0,1,0.0,0.0,1.0,0.0,"glass, unidentified negative, smaller glass, glass smaller, smaller, negatives, negative, glass negatives, negative glass, unidentified","+0.0040, +0.0891, -0.0266, +0.0054, -0.0304, -0.1033, +0.1254, +0.0442, +0.0122, -0.0448"
frag_13,13,1,71,-0.0,1,0.0,0.0,1.0,0.0,"glass, group negative, unidentified group, glass portrait, group, photographs glass, portrait photographs, portrait, photographs, negative glass","-0.0302, +0.1047, -0.0238, +0.0396, +0.0038, -0.0588, +0.1199, -0.0478, -0.0217, -0.0229"
frag_14,14,12,44,-0.0,1,0.0,1.0,0.0,0.0,"motorcity, geocities, rodeodrive, community, info, free, networds, pit, center, help","-0.0132, -0.0686, +0.0353, +0.0193, +0.0364, +0.0103, -0.0193, +0.0007, -0.1179, -0.0315"
frag_15,15,14,37,-0.0,1,0.0,1.0,0.0,0.0,"randall, dennis randall, dennis, resume, creativity, community, site, content, webweaver, workshop","-0.0382, -0.0334, -0.0318, +0.0034, +0.0464, -0.0173, -0.0061, -0.0267, -0.0355, +0.0125"
frag_16,16,15,43,-0.0,1,0.0,1.0,0.0,0.0,"username, comment, region, browse options, map browse, options, browse, post comment, post, site","-0.0522, +0.0122, +0.0105, +0.0169, +0.0291, -0.0147, +0.0411, -0.0256, +0.0113, -0.0047"
frag_17,17,18,22,-0.0,1,0.0,1.0,0.0,0.0,"yosemite, geocities yosemite, recreation, geocities, networds, help, best, visit, trails, info","+0.0201, -0.0220, +0.1034, +0.0037, +0.0392, -0.0165, +0.0258, -0.0091, -0.0543, +0.0387"
frag_18,18,11,19,-0.0,1,0.0,0.0,1.0,0.0,"photograph, military, cm, plate, union, unidentified, war, civil war, print, portrait","-0.0745, +0.0937, -0.0189, +0.0026, -0.0353, +0.0278, +0.0199, +0.0009, -0.0439, -0.0157"
frag_19,19,0,7,-0.0,1,1.0,0.0,0.0,0.0,"brother, told, suicide, dead, brain, just, going, feeling, like, lost","+0.0246, +0.0385, +0.0014, -0.0365, +0.0173, +0.0185, -0.0115, +0.0228, +0.0130, -0.0561"
frag_20,20,19,40,-0.0,1,1.0,0.0,0.0,0.0,"mom, just, feel, died, life, like, know, didn, dad, heart","-0.0134, -0.0147, +0.0153, +0.0214, +0.0597, +0.0151, -0.0211, +0.0457, +0.0526, -0.0509"
